caller,receiver,timestamp,duration_seconds
+91 90000 10021,+91 90000 10004,2026-08-10T00:15:00Z,40
+91 90000 10024,+91 90000 10009,2026-08-11T01:15:00Z,265
+91 90000 10008,+91 90000 10005,2026-08-12T02:15:00Z,769
+91 90000 10004,+91 90000 10022,2026-08-13T03:15:00Z,773
+91 90000 10029,+91 90000 10018,2026-08-14T04:15:00Z,104
+91 90000 10019,+91 90000 10014,2026-08-15T05:15:00Z,47
+91 90000 10001,+91 90000 10003,2026-08-16T06:15:00Z,238
+91 90000 10008,+91 90000 10017,2026-08-17T07:15:00Z,631
+91 90000 10001,+91 90000 10018,2026-08-18T08:15:00Z,218
+91 90000 10023,+91 90000 10021,2026-08-19T09:15:00Z,733
+91 90000 10018,+91 90000 10014,2026-08-20T10:15:00Z,240
+91 90000 10015,+91 90000 10019,2026-08-21T11:15:00Z,299
+91 90000 10026,+91 90000 10028,2026-08-22T12:15:00Z,21
+91 90000 10025,+91 90000 10026,2026-08-23T13:15:00Z,178
+91 90000 10023,+91 90000 10014,2026-08-24T14:15:00Z,363
+91 90000 10009,+91 90000 10005,2026-08-25T15:15:00Z,235
+91 90000 10025,+91 90000 10011,2026-08-26T16:15:00Z,119
+91 90000 10003,+91 90000 10013,2026-08-27T17:15:00Z,114
+91 90000 10012,+91 90000 10028,2026-08-28T18:15:00Z,367
+91 90000 10020,+91 90000 10009,2026-08-10T19:15:00Z,841
+91 90000 10002,+91 90000 10024,2026-08-11T20:15:00Z,485
+91 90000 10018,+91 90000 10004,2026-08-12T21:15:00Z,402
+91 90000 10003,+91 90000 10018,2026-08-13T22:15:00Z,315
+91 90000 10027,+91 90000 10021,2026-08-14T23:15:00Z,648
+91 90000 10029,+91 90000 10028,2026-08-15T00:15:00Z,385
+91 90000 10019,+91 90000 10007,2026-08-16T01:15:00Z,736
+91 90000 10003,+91 90000 10002,2026-08-17T02:15:00Z,692
+91 90000 10008,+91 90000 10025,2026-08-18T03:15:00Z,311
+91 90000 10003,+91 90000 10028,2026-08-19T04:15:00Z,253
+91 90000 10028,+91 90000 10004,2026-08-20T05:15:00Z,404
+91 90000 10009,+91 90000 10015,2026-08-21T06:15:00Z,665
+91 90000 10027,+91 90000 10012,2026-08-22T07:15:00Z,181
+91 90000 10012,+91 90000 10012,2026-08-23T08:15:00Z,229
+91 90000 10022,+91 90000 10009,2026-08-24T09:15:00Z,733
+91 90000 10030,+91 90000 10022,2026-08-25T10:15:00Z,678
+91 90000 10003,+91 90000 10020,2026-08-26T11:15:00Z,665
+91 90000 10006,+91 90000 10018,2026-08-27T12:15:00Z,761
+91 90000 10008,+91 90000 10006,2026-08-28T13:15:00Z,488
+91 90000 10013,+91 90000 10009,2026-08-10T14:15:00Z,670
+91 90000 10023,+91 90000 10018,2026-08-11T15:15:00Z,239
+91 90000 10022,+91 90000 10011,2026-08-12T16:15:00Z,878
+91 90000 10025,+91 90000 10025,2026-08-13T17:15:00Z,72
+91 90000 10008,+91 90000 10027,2026-08-14T18:15:00Z,47
+91 90000 10026,+91 90000 10011,2026-08-15T19:15:00Z,425
+91 90000 10009,+91 90000 10003,2026-08-16T20:15:00Z,231
+91 90000 10030,+91 90000 10019,2026-08-17T21:15:00Z,750
+91 90000 10011,+91 90000 10007,2026-08-18T22:15:00Z,686
+91 90000 10016,+91 90000 10013,2026-08-19T23:15:00Z,673
+91 90000 10015,+91 90000 10005,2026-08-20T00:15:00Z,286
+91 90000 10005,+91 90000 10008,2026-08-21T01:15:00Z,777
+91 90000 10018,+91 90000 10018,2026-08-22T02:15:00Z,284
+91 90000 10024,+91 90000 10019,2026-08-23T03:15:00Z,453
+91 90000 10029,+91 90000 10019,2026-08-24T04:15:00Z,423
+91 90000 10012,+91 90000 10008,2026-08-25T05:15:00Z,156
+91 90000 10017,+91 90000 10016,2026-08-26T06:15:00Z,108
+91 90000 10025,+91 90000 10002,2026-08-27T07:15:00Z,896
+91 90000 10004,+91 90000 10005,2026-08-28T08:15:00Z,657
+91 90000 10006,+91 90000 10026,2026-08-10T09:15:00Z,711
+91 90000 10014,+91 90000 10020,2026-08-11T10:15:00Z,80
+91 90000 10013,+91 90000 10013,2026-08-12T11:15:00Z,625
+91 90000 10015,+91 90000 10017,2026-08-13T12:15:00Z,272
+91 90000 10018,+91 90000 10028,2026-08-14T13:15:00Z,26
+91 90000 10022,+91 90000 10024,2026-08-15T14:15:00Z,132
+91 90000 10022,+91 90000 10029,2026-08-16T15:15:00Z,564
+91 90000 10025,+91 90000 10009,2026-08-17T16:15:00Z,802
+91 90000 10021,+91 90000 10011,2026-08-18T17:15:00Z,129
+91 90000 10010,+91 90000 10014,2026-08-19T18:15:00Z,176
+91 90000 10015,+91 90000 10001,2026-08-20T19:15:00Z,754
+91 90000 10029,+91 90000 10024,2026-08-21T20:15:00Z,284
+91 90000 10017,+91 90000 10025,2026-08-22T21:15:00Z,197
+91 90000 10017,+91 90000 10030,2026-08-23T22:15:00Z,123
+91 90000 10028,+91 90000 10021,2026-08-24T23:15:00Z,320
+91 90000 10027,+91 90000 10021,2026-08-25T00:15:00Z,534
+91 90000 10020,+91 90000 10007,2026-08-26T01:15:00Z,171
+91 90000 10012,+91 90000 10025,2026-08-27T02:15:00Z,180
+91 90000 10018,+91 90000 10025,2026-08-28T03:15:00Z,558
+91 90000 10030,+91 90000 10001,2026-08-10T04:15:00Z,628
+91 90000 10011,+91 90000 10016,2026-08-11T05:15:00Z,34
+91 90000 10004,+91 90000 10030,2026-08-12T06:15:00Z,386
+91 90000 10029,+91 90000 10027,2026-08-13T07:15:00Z,841
+91 90000 10010,+91 90000 10008,2026-08-14T08:15:00Z,74
+91 90000 10008,+91 90000 10029,2026-08-15T09:15:00Z,595
+91 90000 10003,+91 90000 10003,2026-08-16T10:15:00Z,764
+91 90000 10016,+91 90000 10027,2026-08-17T11:15:00Z,85
+91 90000 10025,+91 90000 10018,2026-08-18T12:15:00Z,799
+91 90000 10005,+91 90000 10005,2026-08-19T13:15:00Z,690
+91 90000 10016,+91 90000 10018,2026-08-20T14:15:00Z,184
+91 90000 10009,+91 90000 10017,2026-08-21T15:15:00Z,636
+91 90000 10014,+91 90000 10007,2026-08-22T16:15:00Z,567
+91 90000 10025,+91 90000 10024,2026-08-23T17:15:00Z,721
+91 90000 10007,+91 90000 10023,2026-08-24T18:15:00Z,334
+91 90000 10013,+91 90000 10022,2026-08-25T19:15:00Z,680
+91 90000 10012,+91 90000 10015,2026-08-26T20:15:00Z,544
+91 90000 10015,+91 90000 10004,2026-08-27T21:15:00Z,268
+91 90000 10008,+91 90000 10003,2026-08-28T22:15:00Z,361
+91 90000 10001,+91 90000 10019,2026-08-10T23:15:00Z,582
+91 90000 10008,+91 90000 10019,2026-08-11T00:15:00Z,240
+91 90000 10001,+91 90000 10003,2026-08-12T01:15:00Z,739
+91 90000 10021,+91 90000 10002,2026-08-13T02:15:00Z,249
+91 90000 10003,+91 90000 10029,2026-08-14T03:15:00Z,47
+91 90000 10028,+91 90000 10011,2026-08-15T04:15:00Z,87
+91 90000 10017,+91 90000 10008,2026-08-16T05:15:00Z,300
+91 90000 10022,+91 90000 10016,2026-08-17T06:15:00Z,234
+91 90000 10018,+91 90000 10005,2026-08-18T07:15:00Z,755
+91 90000 10030,+91 90000 10029,2026-08-19T08:15:00Z,599
+91 90000 10019,+91 90000 10016,2026-08-20T09:15:00Z,263
+91 90000 10026,+91 90000 10016,2026-08-21T10:15:00Z,841
+91 90000 10014,+91 90000 10007,2026-08-22T11:15:00Z,111
+91 90000 10004,+91 90000 10022,2026-08-23T12:15:00Z,456
+91 90000 10012,+91 90000 10014,2026-08-24T13:15:00Z,435
+91 90000 10015,+91 90000 10028,2026-08-25T14:15:00Z,761
+91 90000 10002,+91 90000 10022,2026-08-26T15:15:00Z,684
+91 90000 10021,+91 90000 10004,2026-08-27T16:15:00Z,77
+91 90000 10013,+91 90000 10024,2026-08-28T17:15:00Z,362
+91 90000 10026,+91 90000 10028,2026-08-10T18:15:00Z,126
+91 90000 10008,+91 90000 10007,2026-08-11T19:15:00Z,209
+91 90000 10018,+91 90000 10015,2026-08-12T20:15:00Z,158
+91 90000 10014,+91 90000 10006,2026-08-13T21:15:00Z,300
+91 90000 10015,+91 90000 10008,2026-08-14T22:15:00Z,92
+91 90000 10015,+91 90000 10026,2026-08-15T23:15:00Z,897
+91 90000 10028,+91 90000 10018,2026-08-16T00:15:00Z,115
+91 90000 10002,+91 90000 10021,2026-08-17T01:15:00Z,568
+91 90000 10027,+91 90000 10001,2026-08-18T02:15:00Z,110
+91 90000 10030,+91 90000 10025,2026-08-19T03:15:00Z,884
+91 90000 10008,+91 90000 10006,2026-08-20T04:15:00Z,431
+91 90000 10016,+91 90000 10016,2026-08-21T05:15:00Z,233
+91 90000 10028,+91 90000 10013,2026-08-22T06:15:00Z,75
+91 90000 10006,+91 90000 10013,2026-08-23T07:15:00Z,17
+91 90000 10013,+91 90000 10009,2026-08-24T08:15:00Z,817
+91 90000 10026,+91 90000 10015,2026-08-25T09:15:00Z,307
+91 90000 10014,+91 90000 10023,2026-08-26T10:15:00Z,763
+91 90000 10026,+91 90000 10018,2026-08-27T11:15:00Z,692
+91 90000 10023,+91 90000 10016,2026-08-28T12:15:00Z,173
+91 90000 10007,+91 90000 10010,2026-08-10T13:15:00Z,237
+91 90000 10002,+91 90000 10019,2026-08-11T14:15:00Z,768
+91 90000 10018,+91 90000 10002,2026-08-12T15:15:00Z,780
+91 90000 10011,+91 90000 10002,2026-08-13T16:15:00Z,66
+91 90000 10019,+91 90000 10016,2026-08-14T17:15:00Z,529
+91 90000 10030,+91 90000 10028,2026-08-15T18:15:00Z,558
+91 90000 10006,+91 90000 10002,2026-08-16T19:15:00Z,535
+91 90000 10003,+91 90000 10028,2026-08-17T20:15:00Z,205
+91 90000 10003,+91 90000 10020,2026-08-18T21:15:00Z,84
+91 90000 10022,+91 90000 10028,2026-08-19T22:15:00Z,255
+91 90000 10013,+91 90000 10004,2026-08-20T23:15:00Z,598
+91 90000 10008,+91 90000 10019,2026-08-21T00:15:00Z,623
+91 90000 10002,+91 90000 10020,2026-08-22T01:15:00Z,98
+91 90000 10014,+91 90000 10022,2026-08-23T02:15:00Z,612
+91 90000 10019,+91 90000 10017,2026-08-24T03:15:00Z,338
+91 90000 10030,+91 90000 10009,2026-08-25T04:15:00Z,224
+91 90000 10022,+91 90000 10023,2026-08-26T05:15:00Z,336
+91 90000 10008,+91 90000 10009,2026-08-27T06:15:00Z,420
+91 90000 10005,+91 90000 10022,2026-08-28T07:15:00Z,675
+91 90000 10010,+91 90000 10015,2026-08-10T08:15:00Z,338
+91 90000 10030,+91 90000 10025,2026-08-11T09:15:00Z,89
+91 90000 10001,+91 90000 10015,2026-08-12T10:15:00Z,651
+91 90000 10019,+91 90000 10004,2026-08-13T11:15:00Z,90
+91 90000 10018,+91 90000 10007,2026-08-14T12:15:00Z,533
+91 90000 10009,+91 90000 10005,2026-08-15T13:15:00Z,372
+91 90000 10029,+91 90000 10003,2026-08-16T14:15:00Z,265
+91 90000 10012,+91 90000 10010,2026-08-17T15:15:00Z,176
+91 90000 10015,+91 90000 10027,2026-08-18T16:15:00Z,571
+91 90000 10023,+91 90000 10010,2026-08-19T17:15:00Z,641
+91 90000 10026,+91 90000 10021,2026-08-20T18:15:00Z,556
+91 90000 10001,+91 90000 10022,2026-08-21T19:15:00Z,851
+91 90000 10018,+91 90000 10010,2026-08-22T20:15:00Z,694
+91 90000 10004,+91 90000 10029,2026-08-23T21:15:00Z,152
+91 90000 10009,+91 90000 10004,2026-08-24T22:15:00Z,124
+91 90000 10024,+91 90000 10018,2026-08-25T23:15:00Z,174
+91 90000 10009,+91 90000 10010,2026-08-26T00:15:00Z,634
+91 90000 10007,+91 90000 10023,2026-08-27T01:15:00Z,366
+91 90000 10007,+91 90000 10022,2026-08-28T02:15:00Z,664
+91 90000 10028,+91 90000 10009,2026-08-10T03:15:00Z,532
+91 90000 10016,+91 90000 10009,2026-08-11T04:15:00Z,881
+91 90000 10002,+91 90000 10003,2026-08-12T05:15:00Z,664
+91 90000 10014,+91 90000 10027,2026-08-13T06:15:00Z,298
+91 90000 10002,+91 90000 10001,2026-08-14T07:15:00Z,356
+91 90000 10025,+91 90000 10005,2026-08-15T08:15:00Z,667
+91 90000 10009,+91 90000 10006,2026-08-16T09:15:00Z,774
+91 90000 10015,+91 90000 10018,2026-08-17T10:15:00Z,737
+91 90000 10014,+91 90000 10018,2026-08-18T11:15:00Z,24
+91 90000 10004,+91 90000 10003,2026-08-19T12:15:00Z,722
+91 90000 10029,+91 90000 10005,2026-08-20T13:15:00Z,573
+91 90000 10002,+91 90000 10027,2026-08-21T14:15:00Z,393
+91 90000 10019,+91 90000 10018,2026-08-22T15:15:00Z,166
+91 90000 10014,+91 90000 10005,2026-08-23T16:15:00Z,57
+91 90000 10010,+91 90000 10012,2026-08-24T17:15:00Z,830
+91 90000 10028,+91 90000 10002,2026-08-25T18:15:00Z,381
+91 90000 10007,+91 90000 10022,2026-08-26T19:15:00Z,270
+91 90000 10022,+91 90000 10004,2026-08-27T20:15:00Z,377
+91 90000 10025,+91 90000 10018,2026-08-28T21:15:00Z,431
+91 90000 10020,+91 90000 10024,2026-08-10T22:15:00Z,173
+91 90000 10030,+91 90000 10030,2026-08-11T23:15:00Z,257
+91 90000 10028,+91 90000 10006,2026-08-12T00:15:00Z,834
+91 90000 10026,+91 90000 10006,2026-08-13T01:15:00Z,437
+91 90000 10001,+91 90000 10006,2026-08-14T02:15:00Z,769
+91 90000 10030,+91 90000 10011,2026-08-15T03:15:00Z,816
+91 90000 10030,+91 90000 10014,2026-08-16T04:15:00Z,836
+91 90000 10022,+91 90000 10028,2026-08-17T05:15:00Z,767
+91 90000 10026,+91 90000 10008,2026-08-18T06:15:00Z,288
+91 90000 10006,+91 90000 10026,2026-08-19T07:15:00Z,733
+91 90000 10004,+91 90000 10013,2026-08-20T08:15:00Z,54
+91 90000 10028,+91 90000 10016,2026-08-21T09:15:00Z,242
+91 90000 10007,+91 90000 10027,2026-08-22T10:15:00Z,486
+91 90000 10012,+91 90000 10010,2026-08-23T11:15:00Z,855
+91 90000 10026,+91 90000 10028,2026-08-24T12:15:00Z,248
+91 90000 10008,+91 90000 10001,2026-08-25T13:15:00Z,690
+91 90000 10007,+91 90000 10013,2026-08-26T14:15:00Z,351
+91 90000 10009,+91 90000 10028,2026-08-27T15:15:00Z,86
+91 90000 10025,+91 90000 10009,2026-08-28T16:15:00Z,374
+91 90000 10021,+91 90000 10017,2026-08-10T17:15:00Z,424
+91 90000 10022,+91 90000 10027,2026-08-11T18:15:00Z,564
+91 90000 10011,+91 90000 10001,2026-08-12T19:15:00Z,133
+91 90000 10029,+91 90000 10009,2026-08-13T20:15:00Z,197
+91 90000 10019,+91 90000 10009,2026-08-14T21:15:00Z,54
+91 90000 10004,+91 90000 10020,2026-08-15T22:15:00Z,459
+91 90000 10012,+91 90000 10024,2026-08-16T23:15:00Z,820
+91 90000 10011,+91 90000 10014,2026-08-17T00:15:00Z,635
+91 90000 10017,+91 90000 10004,2026-08-18T01:15:00Z,409
+91 90000 10029,+91 90000 10019,2026-08-19T02:15:00Z,209
+91 90000 10009,+91 90000 10002,2026-08-20T03:15:00Z,740
+91 90000 10014,+91 90000 10001,2026-08-21T04:15:00Z,547
+91 90000 10030,+91 90000 10026,2026-08-22T05:15:00Z,566
+91 90000 10022,+91 90000 10024,2026-08-23T06:15:00Z,774
+91 90000 10024,+91 90000 10022,2026-08-24T07:15:00Z,216
+91 90000 10012,+91 90000 10014,2026-08-25T08:15:00Z,86
+91 90000 10022,+91 90000 10030,2026-08-26T09:15:00Z,353
+91 90000 10020,+91 90000 10011,2026-08-27T10:15:00Z,694
+91 90000 10028,+91 90000 10004,2026-08-28T11:15:00Z,752
+91 90000 10029,+91 90000 10010,2026-08-10T12:15:00Z,534
+91 90000 10010,+91 90000 10022,2026-08-11T13:15:00Z,433
+91 90000 10011,+91 90000 10013,2026-08-12T14:15:00Z,728
+91 90000 10010,+91 90000 10018,2026-08-13T15:15:00Z,145
+91 90000 10007,+91 90000 10014,2026-08-14T16:15:00Z,695
+91 90000 10013,+91 90000 10022,2026-08-15T17:15:00Z,781
+91 90000 10029,+91 90000 10006,2026-08-16T18:15:00Z,645
+91 90000 10019,+91 90000 10010,2026-08-17T19:15:00Z,430
+91 90000 10018,+91 90000 10027,2026-08-18T20:15:00Z,15
+91 90000 10010,+91 90000 10010,2026-08-19T21:15:00Z,230
+91 90000 10014,+91 90000 10026,2026-08-20T22:15:00Z,608
+91 90000 10020,+91 90000 10021,2026-08-21T23:15:00Z,344
+91 90000 10015,+91 90000 10015,2026-08-22T00:15:00Z,467
+91 90000 10022,+91 90000 10007,2026-08-23T01:15:00Z,538
+91 90000 10016,+91 90000 10026,2026-08-24T02:15:00Z,830
+91 90000 10024,+91 90000 10006,2026-08-25T03:15:00Z,689
+91 90000 10003,+91 90000 10010,2026-08-26T04:15:00Z,542
+91 90000 10022,+91 90000 10021,2026-08-27T05:15:00Z,649
+91 90000 10011,+91 90000 10003,2026-08-28T06:15:00Z,853
+91 90000 10025,+91 90000 10008,2026-08-10T07:15:00Z,703
+91 90000 10010,+91 90000 10008,2026-08-11T08:15:00Z,840
+91 90000 10007,+91 90000 10005,2026-08-12T09:15:00Z,40
+91 90000 10002,+91 90000 10008,2026-08-13T10:15:00Z,501
+91 90000 10020,+91 90000 10028,2026-08-14T11:15:00Z,801
+91 90000 10003,+91 90000 10015,2026-08-15T12:15:00Z,439
+91 90000 10029,+91 90000 10021,2026-08-16T13:15:00Z,604
+91 90000 10007,+91 90000 10023,2026-08-17T14:15:00Z,728
+91 90000 10013,+91 90000 10016,2026-08-18T15:15:00Z,424
+91 90000 10008,+91 90000 10005,2026-08-19T16:15:00Z,686
+91 90000 10023,+91 90000 10001,2026-08-20T17:15:00Z,783
+91 90000 10028,+91 90000 10025,2026-08-21T18:15:00Z,124
+91 90000 10025,+91 90000 10014,2026-08-22T19:15:00Z,239
+91 90000 10006,+91 90000 10026,2026-08-23T20:15:00Z,727
+91 90000 10017,+91 90000 10015,2026-08-24T21:15:00Z,66
+91 90000 10018,+91 90000 10008,2026-08-25T22:15:00Z,883
+91 90000 10004,+91 90000 10015,2026-08-26T23:15:00Z,151
+91 90000 10026,+91 90000 10015,2026-08-27T00:15:00Z,698
+91 90000 10017,+91 90000 10018,2026-08-28T01:15:00Z,624
+91 90000 10011,+91 90000 10025,2026-08-10T02:15:00Z,468
+91 90000 10020,+91 90000 10027,2026-08-11T03:15:00Z,751
+91 90000 10029,+91 90000 10017,2026-08-12T04:15:00Z,451
+91 90000 10027,+91 90000 10030,2026-08-13T05:15:00Z,576
+91 90000 10015,+91 90000 10029,2026-08-14T06:15:00Z,177
+91 90000 10024,+91 90000 10028,2026-08-15T07:15:00Z,501
+91 90000 10015,+91 90000 10009,2026-08-16T08:15:00Z,784
+91 90000 10008,+91 90000 10027,2026-08-17T09:15:00Z,667
+91 90000 10009,+91 90000 10025,2026-08-18T10:15:00Z,811
+91 90000 10017,+91 90000 10016,2026-08-19T11:15:00Z,656
+91 90000 10008,+91 90000 10009,2026-08-20T12:15:00Z,465
+91 90000 10003,+91 90000 10023,2026-08-21T13:15:00Z,307
+91 90000 10008,+91 90000 10009,2026-08-22T14:15:00Z,358
+91 90000 10011,+91 90000 10029,2026-08-23T15:15:00Z,568
+91 90000 10003,+91 90000 10005,2026-08-24T16:15:00Z,169
+91 90000 10008,+91 90000 10013,2026-08-25T17:15:00Z,725
+91 90000 10005,+91 90000 10023,2026-08-26T18:15:00Z,234
+91 90000 10003,+91 90000 10014,2026-08-27T19:15:00Z,432
+91 90000 10011,+91 90000 10018,2026-08-28T20:15:00Z,492
+91 90000 10014,+91 90000 10002,2026-08-10T21:15:00Z,226
+91 90000 10027,+91 90000 10014,2026-08-11T22:15:00Z,413
+91 90000 10029,+91 90000 10025,2026-08-12T23:15:00Z,613
+91 90000 10023,+91 90000 10001,2026-08-13T00:15:00Z,892
+91 90000 10029,+91 90000 10025,2026-08-14T01:15:00Z,604
+91 90000 10013,+91 90000 10016,2026-08-15T02:15:00Z,21
+91 90000 10012,+91 90000 10010,2026-08-16T03:15:00Z,786
+91 90000 10013,+91 90000 10028,2026-08-17T04:15:00Z,870
+91 90000 10014,+91 90000 10018,2026-08-18T05:15:00Z,780
+91 90000 10024,+91 90000 10018,2026-08-19T06:15:00Z,834
+91 90000 10020,+91 90000 10029,2026-08-20T07:15:00Z,240
+91 90000 10016,+91 90000 10008,2026-08-21T08:15:00Z,294
+91 90000 10014,+91 90000 10016,2026-08-22T09:15:00Z,44
+91 90000 10013,+91 90000 10011,2026-08-23T10:15:00Z,699
+91 90000 10022,+91 90000 10026,2026-08-24T11:15:00Z,429
+91 90000 10024,+91 90000 10006,2026-08-25T12:15:00Z,875
+91 90000 10015,+91 90000 10030,2026-08-26T13:15:00Z,145
+91 90000 10020,+91 90000 10018,2026-08-27T14:15:00Z,42
+91 90000 10030,+91 90000 10013,2026-08-28T15:15:00Z,621
+91 90000 10019,+91 90000 10022,2026-08-10T16:15:00Z,42
+91 90000 10003,+91 90000 10021,2026-08-11T17:15:00Z,453
+91 90000 10005,+91 90000 10028,2026-08-12T18:15:00Z,487
+91 90000 10006,+91 90000 10002,2026-08-13T19:15:00Z,281
+91 90000 10013,+91 90000 10011,2026-08-14T20:15:00Z,231
+91 90000 10015,+91 90000 10011,2026-08-15T21:15:00Z,360
+91 90000 10025,+91 90000 10029,2026-08-16T22:15:00Z,403
+91 90000 10009,+91 90000 10025,2026-08-17T23:15:00Z,866
+91 90000 10014,+91 90000 10009,2026-08-18T00:15:00Z,869
+91 90000 10003,+91 90000 10016,2026-08-19T01:15:00Z,34
+91 90000 10024,+91 90000 10018,2026-08-20T02:15:00Z,68
+91 90000 10012,+91 90000 10008,2026-08-21T03:15:00Z,680
+91 90000 10003,+91 90000 10025,2026-08-22T04:15:00Z,682
+91 90000 10002,+91 90000 10025,2026-08-23T05:15:00Z,46
+91 90000 10008,+91 90000 10007,2026-08-24T06:15:00Z,874
+91 90000 10001,+91 90000 10020,2026-08-25T07:15:00Z,171
+91 90000 10008,+91 90000 10005,2026-08-26T08:15:00Z,499
+91 90000 10022,+91 90000 10004,2026-08-27T09:15:00Z,592
+91 90000 10007,+91 90000 10015,2026-08-28T10:15:00Z,731
+91 90000 10009,+91 90000 10025,2026-08-10T11:15:00Z,392
+91 90000 10006,+91 90000 10020,2026-08-11T12:15:00Z,636
+91 90000 10024,+91 90000 10023,2026-08-12T13:15:00Z,132
+91 90000 10025,+91 90000 10027,2026-08-13T14:15:00Z,182
+91 90000 10010,+91 90000 10004,2026-08-14T15:15:00Z,607
+91 90000 10001,+91 90000 10030,2026-08-15T16:15:00Z,334
+91 90000 10019,+91 90000 10022,2026-08-16T17:15:00Z,399
+91 90000 10013,+91 90000 10023,2026-08-17T18:15:00Z,218
+91 90000 10003,+91 90000 10019,2026-08-18T19:15:00Z,722
+91 90000 10027,+91 90000 10021,2026-08-19T20:15:00Z,263
+91 90000 10004,+91 90000 10023,2026-08-20T21:15:00Z,806
+91 90000 10010,+91 90000 10028,2026-08-21T22:15:00Z,715
+91 90000 10020,+91 90000 10026,2026-08-22T23:15:00Z,138
+91 90000 10026,+91 90000 10019,2026-08-23T00:15:00Z,816
+91 90000 10002,+91 90000 10012,2026-08-24T01:15:00Z,560
+91 90000 10014,+91 90000 10022,2026-08-25T02:15:00Z,394
+91 90000 10003,+91 90000 10017,2026-08-26T03:15:00Z,678
+91 90000 10011,+91 90000 10001,2026-08-27T04:15:00Z,884
+91 90000 10014,+91 90000 10027,2026-08-28T05:15:00Z,516
+91 90000 10004,+91 90000 10014,2026-08-10T06:15:00Z,385
+91 90000 10021,+91 90000 10029,2026-08-11T07:15:00Z,863
+91 90000 10015,+91 90000 10023,2026-08-12T08:15:00Z,171
+91 90000 10014,+91 90000 10006,2026-08-13T09:15:00Z,766
+91 90000 10017,+91 90000 10021,2026-08-14T10:15:00Z,291
+91 90000 10020,+91 90000 10026,2026-08-15T11:15:00Z,566
+91 90000 10025,+91 90000 10016,2026-08-16T12:15:00Z,491
+91 90000 10014,+91 90000 10027,2026-08-17T13:15:00Z,763
+91 90000 10019,+91 90000 10009,2026-08-18T14:15:00Z,345
+91 90000 10028,+91 90000 10008,2026-08-19T15:15:00Z,865
+91 90000 10030,+91 90000 10003,2026-08-20T16:15:00Z,300
+91 90000 10029,+91 90000 10015,2026-08-21T17:15:00Z,264
+91 90000 10025,+91 90000 10015,2026-08-22T18:15:00Z,598
+91 90000 10020,+91 90000 10022,2026-08-23T19:15:00Z,403
+91 90000 10011,+91 90000 10001,2026-08-24T20:15:00Z,521
+91 90000 10028,+91 90000 10011,2026-08-25T21:15:00Z,201
+91 90000 10016,+91 90000 10007,2026-08-26T22:15:00Z,378
+91 90000 10026,+91 90000 10009,2026-08-27T23:15:00Z,363
+91 90000 10009,+91 90000 10029,2026-08-28T00:15:00Z,625
+91 90000 10023,+91 90000 10029,2026-08-10T01:15:00Z,297
+91 90000 10018,+91 90000 10001,2026-08-11T02:15:00Z,544
+91 90000 10007,+91 90000 10003,2026-08-12T03:15:00Z,262
+91 90000 10024,+91 90000 10014,2026-08-13T04:15:00Z,515
+91 90000 10018,+91 90000 10025,2026-08-14T05:15:00Z,261
+91 90000 10023,+91 90000 10016,2026-08-15T06:15:00Z,676
+91 90000 10023,+91 90000 10016,2026-08-16T07:15:00Z,473
+91 90000 10026,+91 90000 10001,2026-08-17T08:15:00Z,110
+91 90000 10010,+91 90000 10008,2026-08-18T09:15:00Z,429
+91 90000 10023,+91 90000 10008,2026-08-19T10:15:00Z,328
+91 90000 10022,+91 90000 10019,2026-08-20T11:15:00Z,392
+91 90000 10016,+91 90000 10018,2026-08-21T12:15:00Z,558
+91 90000 10012,+91 90000 10014,2026-08-22T13:15:00Z,778
+91 90000 10018,+91 90000 10011,2026-08-23T14:15:00Z,375
+91 90000 10023,+91 90000 10015,2026-08-24T15:15:00Z,292
+91 90000 10010,+91 90000 10009,2026-08-25T16:15:00Z,251
+91 90000 10004,+91 90000 10024,2026-08-26T17:15:00Z,212
+91 90000 10011,+91 90000 10004,2026-08-27T18:15:00Z,775
+91 90000 10018,+91 90000 10025,2026-08-28T19:15:00Z,721
+91 90000 10006,+91 90000 10007,2026-08-10T20:15:00Z,236
+91 90000 10024,+91 90000 10016,2026-08-11T21:15:00Z,298
+91 90000 10024,+91 90000 10019,2026-08-12T22:15:00Z,793
+91 90000 10017,+91 90000 10020,2026-08-13T23:15:00Z,304
+91 90000 10004,+91 90000 10027,2026-08-14T00:15:00Z,213
+91 90000 10010,+91 90000 10008,2026-08-15T01:15:00Z,384
+91 90000 10006,+91 90000 10010,2026-08-16T02:15:00Z,29
+91 90000 10023,+91 90000 10018,2026-08-17T03:15:00Z,144
+91 90000 10009,+91 90000 10002,2026-08-18T04:15:00Z,70
+91 90000 10018,+91 90000 10010,2026-08-19T05:15:00Z,729
+91 90000 10005,+91 90000 10021,2026-08-20T06:15:00Z,785
+91 90000 10016,+91 90000 10004,2026-08-21T07:15:00Z,27
+91 90000 10019,+91 90000 10010,2026-08-22T08:15:00Z,495
+91 90000 10016,+91 90000 10015,2026-08-23T09:15:00Z,363
+91 90000 10006,+91 90000 10002,2026-08-24T10:15:00Z,273
+91 90000 10028,+91 90000 10016,2026-08-25T11:15:00Z,131
+91 90000 10027,+91 90000 10003,2026-08-26T12:15:00Z,425
+91 90000 10016,+91 90000 10003,2026-08-27T13:15:00Z,605
+91 90000 10021,+91 90000 10022,2026-08-28T14:15:00Z,69
+91 90000 10005,+91 90000 10005,2026-08-10T15:15:00Z,845
+91 90000 10019,+91 90000 10010,2026-08-11T16:15:00Z,102
+91 90000 10008,+91 90000 10004,2026-08-12T17:15:00Z,586
+91 90000 10025,+91 90000 10014,2026-08-13T18:15:00Z,635
+91 90000 10020,+91 90000 10026,2026-08-14T19:15:00Z,648
+91 90000 10008,+91 90000 10025,2026-08-15T20:15:00Z,550
+91 90000 10013,+91 90000 10015,2026-08-16T21:15:00Z,468
+91 90000 10010,+91 90000 10028,2026-08-17T22:15:00Z,617
+91 90000 10014,+91 90000 10010,2026-08-18T23:15:00Z,597
+91 90000 10020,+91 90000 10002,2026-08-19T00:15:00Z,639
+91 90000 10024,+91 90000 10004,2026-08-20T01:15:00Z,796
+91 90000 10007,+91 90000 10021,2026-08-21T02:15:00Z,231
+91 90000 10009,+91 90000 10022,2026-08-22T03:15:00Z,98
+91 90000 10006,+91 90000 10008,2026-08-23T04:15:00Z,192
+91 90000 10018,+91 90000 10003,2026-08-24T05:15:00Z,175
+91 90000 10001,+91 90000 10014,2026-08-25T06:15:00Z,476
+91 90000 10023,+91 90000 10020,2026-08-26T07:15:00Z,496
+91 90000 10010,+91 90000 10002,2026-08-27T08:15:00Z,252
+91 90000 10010,+91 90000 10023,2026-08-28T09:15:00Z,304
+91 90000 10023,+91 90000 10028,2026-08-10T10:15:00Z,479
+91 90000 10003,+91 90000 10022,2026-08-11T11:15:00Z,254
+91 90000 10030,+91 90000 10009,2026-08-12T12:15:00Z,821
+91 90000 10026,+91 90000 10021,2026-08-13T13:15:00Z,618
+91 90000 10022,+91 90000 10026,2026-08-14T14:15:00Z,217
+91 90000 10014,+91 90000 10004,2026-08-15T15:15:00Z,572
+91 90000 10008,+91 90000 10021,2026-08-16T16:15:00Z,167
+91 90000 10030,+91 90000 10009,2026-08-17T17:15:00Z,861
+91 90000 10005,+91 90000 10003,2026-08-18T18:15:00Z,76
+91 90000 10006,+91 90000 10026,2026-08-19T19:15:00Z,329
+91 90000 10020,+91 90000 10024,2026-08-20T20:15:00Z,859
+91 90000 10019,+91 90000 10030,2026-08-21T21:15:00Z,310
+91 90000 10015,+91 90000 10004,2026-08-22T22:15:00Z,494
+91 90000 10023,+91 90000 10010,2026-08-23T23:15:00Z,731
+91 90000 10013,+91 90000 10009,2026-08-24T00:15:00Z,527
+91 90000 10018,+91 90000 10016,2026-08-25T01:15:00Z,463
+91 90000 10003,+91 90000 10020,2026-08-26T02:15:00Z,55
+91 90000 10029,+91 90000 10014,2026-08-27T03:15:00Z,767
+91 90000 10011,+91 90000 10020,2026-08-28T04:15:00Z,271
+91 90000 10001,+91 90000 10003,2026-08-10T05:15:00Z,249
+91 90000 10022,+91 90000 10027,2026-08-11T06:15:00Z,896
+91 90000 10019,+91 90000 10019,2026-08-12T07:15:00Z,36
+91 90000 10025,+91 90000 10022,2026-08-13T08:15:00Z,856
+91 90000 10009,+91 90000 10019,2026-08-14T09:15:00Z,56
+91 90000 10025,+91 90000 10025,2026-08-15T10:15:00Z,194
+91 90000 10016,+91 90000 10017,2026-08-16T11:15:00Z,682
+91 90000 10015,+91 90000 10030,2026-08-17T12:15:00Z,299
+91 90000 10006,+91 90000 10019,2026-08-18T13:15:00Z,461
+91 90000 10021,+91 90000 10027,2026-08-19T14:15:00Z,518
+91 90000 10003,+91 90000 10016,2026-08-20T15:15:00Z,371
+91 90000 10014,+91 90000 10011,2026-08-21T16:15:00Z,343
+91 90000 10022,+91 90000 10004,2026-08-22T17:15:00Z,893
+91 90000 10006,+91 90000 10011,2026-08-23T18:15:00Z,436
+91 90000 10023,+91 90000 10016,2026-08-24T19:15:00Z,310
+91 90000 10022,+91 90000 10013,2026-08-25T20:15:00Z,848
+91 90000 10025,+91 90000 10018,2026-08-26T21:15:00Z,52
+91 90000 10015,+91 90000 10003,2026-08-27T22:15:00Z,337
+91 90000 10009,+91 90000 10011,2026-08-28T23:15:00Z,133
+91 90000 10025,+91 90000 10013,2026-08-10T00:15:00Z,900
+91 90000 10017,+91 90000 10027,2026-08-11T01:15:00Z,16
+91 90000 10022,+91 90000 10028,2026-08-12T02:15:00Z,570
+91 90000 10015,+91 90000 10014,2026-08-13T03:15:00Z,70
+91 90000 10007,+91 90000 10017,2026-08-14T04:15:00Z,385
+91 90000 10020,+91 90000 10025,2026-08-15T05:15:00Z,525
+91 90000 10021,+91 90000 10015,2026-08-16T06:15:00Z,793
+91 90000 10002,+91 90000 10007,2026-08-17T07:15:00Z,288
+91 90000 10018,+91 90000 10005,2026-08-18T08:15:00Z,309
+91 90000 10015,+91 90000 10029,2026-08-19T09:15:00Z,730
+91 90000 10016,+91 90000 10004,2026-08-20T10:15:00Z,44
+91 90000 10021,+91 90000 10020,2026-08-21T11:15:00Z,833
+91 90000 10008,+91 90000 10023,2026-08-22T12:15:00Z,177
+91 90000 10010,+91 90000 10018,2026-08-23T13:15:00Z,29
+91 90000 10018,+91 90000 10014,2026-08-24T14:15:00Z,110
+91 90000 10008,+91 90000 10027,2026-08-25T15:15:00Z,131
+91 90000 10015,+91 90000 10004,2026-08-26T16:15:00Z,678
+91 90000 10027,+91 90000 10005,2026-08-27T17:15:00Z,525
+91 90000 10030,+91 90000 10023,2026-08-28T18:15:00Z,313
+91 90000 10017,+91 90000 10023,2026-08-10T19:15:00Z,294
+91 90000 10014,+91 90000 10027,2026-08-11T20:15:00Z,509
+91 90000 10016,+91 90000 10008,2026-08-12T21:15:00Z,482
+91 90000 10018,+91 90000 10005,2026-08-13T22:15:00Z,407
+91 90000 10007,+91 90000 10030,2026-08-14T23:15:00Z,628
+91 90000 10017,+91 90000 10024,2026-08-15T00:15:00Z,154
+91 90000 10028,+91 90000 10003,2026-08-16T01:15:00Z,297
+91 90000 10025,+91 90000 10026,2026-08-17T02:15:00Z,889
+91 90000 10014,+91 90000 10011,2026-08-18T03:15:00Z,821
+91 90000 10017,+91 90000 10009,2026-08-19T04:15:00Z,855
+91 90000 10001,+91 90000 10010,2026-08-20T05:15:00Z,758
+91 90000 10010,+91 90000 10027,2026-08-21T06:15:00Z,616
+91 90000 10019,+91 90000 10022,2026-08-22T07:15:00Z,516
+91 90000 10028,+91 90000 10005,2026-08-23T08:15:00Z,472
+91 90000 10018,+91 90000 10016,2026-08-24T09:15:00Z,368
+91 90000 10011,+91 90000 10018,2026-08-25T10:15:00Z,796
+91 90000 10018,+91 90000 10013,2026-08-26T11:15:00Z,481
+91 90000 10030,+91 90000 10011,2026-08-27T12:15:00Z,208
+91 90000 10023,+91 90000 10008,2026-08-28T13:15:00Z,600
+91 90000 10013,+91 90000 10008,2026-08-10T14:15:00Z,891
+91 90000 10025,+91 90000 10014,2026-08-11T15:15:00Z,59
+91 90000 10011,+91 90000 10024,2026-08-12T16:15:00Z,499
+91 90000 10023,+91 90000 10030,2026-08-13T17:15:00Z,845
+91 90000 10013,+91 90000 10013,2026-08-14T18:15:00Z,694
+91 90000 10026,+91 90000 10027,2026-08-15T19:15:00Z,682
+91 90000 10005,+91 90000 10016,2026-08-16T20:15:00Z,52
+91 90000 10005,+91 90000 10017,2026-08-17T21:15:00Z,619
+91 90000 10011,+91 90000 10028,2026-08-18T22:15:00Z,117
+91 90000 10028,+91 90000 10028,2026-08-19T23:15:00Z,465
+91 90000 10004,+91 90000 10017,2026-08-20T00:15:00Z,482
+91 90000 10001,+91 90000 10024,2026-08-21T01:15:00Z,162
+91 90000 10014,+91 90000 10028,2026-08-22T02:15:00Z,685
+91 90000 10005,+91 90000 10003,2026-08-23T03:15:00Z,495
+91 90000 10026,+91 90000 10009,2026-08-24T04:15:00Z,361
+91 90000 10020,+91 90000 10023,2026-08-25T05:15:00Z,422
+91 90000 10021,+91 90000 10003,2026-08-26T06:15:00Z,887
+91 90000 10011,+91 90000 10028,2026-08-27T07:15:00Z,705
+91 90000 10028,+91 90000 10018,2026-08-28T08:15:00Z,404
+91 90000 10011,+91 90000 10021,2026-08-10T09:15:00Z,750
+91 90000 10029,+91 90000 10025,2026-08-11T10:15:00Z,514
+91 90000 10028,+91 90000 10018,2026-08-12T11:15:00Z,51
+91 90000 10020,+91 90000 10003,2026-08-13T12:15:00Z,255
+91 90000 10021,+91 90000 10022,2026-08-14T13:15:00Z,309
+91 90000 10008,+91 90000 10024,2026-08-15T14:15:00Z,107
+91 90000 10014,+91 90000 10004,2026-08-16T15:15:00Z,793
+91 90000 10021,+91 90000 10023,2026-08-17T16:15:00Z,117
+91 90000 10015,+91 90000 10006,2026-08-18T17:15:00Z,725
+91 90000 10010,+91 90000 10029,2026-08-19T18:15:00Z,44
+91 90000 10002,+91 90000 10011,2026-08-20T19:15:00Z,830
+91 90000 10002,+91 90000 10010,2026-08-21T20:15:00Z,382
+91 90000 10012,+91 90000 10014,2026-08-22T21:15:00Z,164
+91 90000 10008,+91 90000 10017,2026-08-23T22:15:00Z,436
+91 90000 10019,+91 90000 10022,2026-08-24T23:15:00Z,826
+91 90000 10006,+91 90000 10006,2026-08-25T00:15:00Z,194
+91 90000 10003,+91 90000 10020,2026-08-26T01:15:00Z,406
+91 90000 10020,+91 90000 10022,2026-08-27T02:15:00Z,261
+91 90000 10016,+91 90000 10030,2026-08-28T03:15:00Z,612
+91 90000 10005,+91 90000 10008,2026-08-10T04:15:00Z,487
+91 90000 10021,+91 90000 10009,2026-08-11T05:15:00Z,485
+91 90000 10009,+91 90000 10022,2026-08-12T06:15:00Z,24
+91 90000 10029,+91 90000 10026,2026-08-13T07:15:00Z,491
+91 90000 10029,+91 90000 10010,2026-08-14T08:15:00Z,708
+91 90000 10018,+91 90000 10006,2026-08-15T09:15:00Z,90
+91 90000 10015,+91 90000 10012,2026-08-16T10:15:00Z,616
+91 90000 10010,+91 90000 10021,2026-08-17T11:15:00Z,449
+91 90000 10023,+91 90000 10009,2026-08-18T12:15:00Z,482
+91 90000 10028,+91 90000 10010,2026-08-19T13:15:00Z,218
+91 90000 10013,+91 90000 10028,2026-08-20T14:15:00Z,509
+91 90000 10004,+91 90000 10008,2026-08-21T15:15:00Z,405
+91 90000 10019,+91 90000 10012,2026-08-22T16:15:00Z,603
+91 90000 10010,+91 90000 10023,2026-08-23T17:15:00Z,317
+91 90000 10001,+91 90000 10027,2026-08-24T18:15:00Z,689
+91 90000 10013,+91 90000 10009,2026-08-25T19:15:00Z,23
+91 90000 10019,+91 90000 10028,2026-08-26T20:15:00Z,717
+91 90000 10025,+91 90000 10024,2026-08-27T21:15:00Z,65
+91 90000 10030,+91 90000 10020,2026-08-28T22:15:00Z,778
+91 90000 10016,+91 90000 10027,2026-08-10T23:15:00Z,308
+91 90000 10025,+91 90000 10026,2026-08-11T00:15:00Z,250
+91 90000 10020,+91 90000 10026,2026-08-12T01:15:00Z,375
+91 90000 10008,+91 90000 10021,2026-08-13T02:15:00Z,209
+91 90000 10020,+91 90000 10009,2026-08-14T03:15:00Z,709
+91 90000 10025,+91 90000 10024,2026-08-15T04:15:00Z,800
+91 90000 10022,+91 90000 10022,2026-08-16T05:15:00Z,873
+91 90000 10005,+91 90000 10021,2026-08-17T06:15:00Z,114
+91 90000 10029,+91 90000 10021,2026-08-18T07:15:00Z,676
+91 90000 10002,+91 90000 10010,2026-08-19T08:15:00Z,822
+91 90000 10015,+91 90000 10002,2026-08-20T09:15:00Z,608
+91 90000 10012,+91 90000 10024,2026-08-21T10:15:00Z,149
+91 90000 10003,+91 90000 10030,2026-08-22T11:15:00Z,317
+91 90000 10011,+91 90000 10024,2026-08-23T12:15:00Z,440
+91 90000 10006,+91 90000 10007,2026-08-24T13:15:00Z,150
+91 90000 10026,+91 90000 10018,2026-08-25T14:15:00Z,389
+91 90000 10017,+91 90000 10017,2026-08-26T15:15:00Z,294
+91 90000 10027,+91 90000 10006,2026-08-27T16:15:00Z,278
+91 90000 10030,+91 90000 10027,2026-08-28T17:15:00Z,508
+91 90000 10026,+91 90000 10010,2026-08-10T18:15:00Z,779
+91 90000 10028,+91 90000 10011,2026-08-11T19:15:00Z,838
+91 90000 10004,+91 90000 10015,2026-08-12T20:15:00Z,92
+91 90000 10005,+91 90000 10025,2026-08-13T21:15:00Z,246
+91 90000 10028,+91 90000 10022,2026-08-14T22:15:00Z,756
+91 90000 10022,+91 90000 10013,2026-08-15T23:15:00Z,881
+91 90000 10026,+91 90000 10018,2026-08-16T00:15:00Z,389
+91 90000 10003,+91 90000 10026,2026-08-17T01:15:00Z,419
+91 90000 10001,+91 90000 10009,2026-08-18T02:15:00Z,564
+91 90000 10004,+91 90000 10015,2026-08-19T03:15:00Z,392
+91 90000 10022,+91 90000 10024,2026-08-20T04:15:00Z,703
+91 90000 10009,+91 90000 10019,2026-08-21T05:15:00Z,405
+91 90000 10027,+91 90000 10021,2026-08-22T06:15:00Z,395
+91 90000 10004,+91 90000 10022,2026-08-23T07:15:00Z,254
+91 90000 10016,+91 90000 10001,2026-08-24T08:15:00Z,649
+91 90000 10029,+91 90000 10018,2026-08-25T09:15:00Z,350
+91 90000 10030,+91 90000 10020,2026-08-26T10:15:00Z,241
+91 90000 10021,+91 90000 10003,2026-08-27T11:15:00Z,665
+91 90000 10027,+91 90000 10015,2026-08-28T12:15:00Z,732
+91 90000 10010,+91 90000 10021,2026-08-10T13:15:00Z,433
+91 90000 10004,+91 90000 10005,2026-08-11T14:15:00Z,61
+91 90000 10002,+91 90000 10010,2026-08-12T15:15:00Z,519
+91 90000 10004,+91 90000 10004,2026-08-13T16:15:00Z,255
+91 90000 10029,+91 90000 10018,2026-08-14T17:15:00Z,153
+91 90000 10013,+91 90000 10015,2026-08-15T18:15:00Z,394
+91 90000 10022,+91 90000 10024,2026-08-16T19:15:00Z,728
+91 90000 10018,+91 90000 10014,2026-08-17T20:15:00Z,616
+91 90000 10024,+91 90000 10024,2026-08-18T21:15:00Z,173
+91 90000 10029,+91 90000 10014,2026-08-19T22:15:00Z,685
+91 90000 10004,+91 90000 10027,2026-08-20T23:15:00Z,516
+91 90000 10020,+91 90000 10014,2026-08-21T00:15:00Z,301
+91 90000 10002,+91 90000 10023,2026-08-22T01:15:00Z,394
+91 90000 10007,+91 90000 10015,2026-08-23T02:15:00Z,470
+91 90000 10008,+91 90000 10028,2026-08-24T03:15:00Z,386
+91 90000 10004,+91 90000 10022,2026-08-25T04:15:00Z,391
+91 90000 10018,+91 90000 10029,2026-08-26T05:15:00Z,675
+91 90000 10012,+91 90000 10002,2026-08-27T06:15:00Z,422
+91 90000 10009,+91 90000 10007,2026-08-28T07:15:00Z,140
+91 90000 10028,+91 90000 10027,2026-08-10T08:15:00Z,480
+91 90000 10003,+91 90000 10022,2026-08-11T09:15:00Z,232
+91 90000 10021,+91 90000 10021,2026-08-12T10:15:00Z,626
+91 90000 10001,+91 90000 10002,2026-08-13T11:15:00Z,820
+91 90000 10011,+91 90000 10008,2026-08-14T12:15:00Z,143
+91 90000 10026,+91 90000 10019,2026-08-15T13:15:00Z,225
+91 90000 10003,+91 90000 10027,2026-08-16T14:15:00Z,798
+91 90000 10018,+91 90000 10007,2026-08-17T15:15:00Z,615
+91 90000 10007,+91 90000 10027,2026-08-18T16:15:00Z,253
+91 90000 10011,+91 90000 10025,2026-08-19T17:15:00Z,166
+91 90000 10026,+91 90000 10029,2026-08-20T18:15:00Z,625
+91 90000 10001,+91 90000 10009,2026-08-21T19:15:00Z,894
+91 90000 10005,+91 90000 10005,2026-08-22T20:15:00Z,568
+91 90000 10009,+91 90000 10026,2026-08-23T21:15:00Z,193
+91 90000 10004,+91 90000 10022,2026-08-24T22:15:00Z,41
+91 90000 10005,+91 90000 10001,2026-08-25T23:15:00Z,381
+91 90000 10026,+91 90000 10026,2026-08-26T00:15:00Z,258
+91 90000 10019,+91 90000 10011,2026-08-27T01:15:00Z,31
+91 90000 10006,+91 90000 10009,2026-08-28T02:15:00Z,68
+91 90000 10005,+91 90000 10024,2026-08-10T03:15:00Z,446
+91 90000 10017,+91 90000 10004,2026-08-11T04:15:00Z,778
+91 90000 10003,+91 90000 10016,2026-08-12T05:15:00Z,474
+91 90000 10025,+91 90000 10012,2026-08-13T06:15:00Z,540
+91 90000 10019,+91 90000 10004,2026-08-14T07:15:00Z,477
+91 90000 10017,+91 90000 10008,2026-08-15T08:15:00Z,644
+91 90000 10002,+91 90000 10024,2026-08-16T09:15:00Z,817
+91 90000 10030,+91 90000 10028,2026-08-17T10:15:00Z,689
+91 90000 10017,+91 90000 10010,2026-08-18T11:15:00Z,484
+91 90000 10021,+91 90000 10001,2026-08-19T12:15:00Z,77
+91 90000 10016,+91 90000 10028,2026-08-20T13:15:00Z,426
+91 90000 10014,+91 90000 10022,2026-08-21T14:15:00Z,125
+91 90000 10016,+91 90000 10023,2026-08-22T15:15:00Z,469
+91 90000 10003,+91 90000 10029,2026-08-23T16:15:00Z,97
+91 90000 10011,+91 90000 10020,2026-08-24T17:15:00Z,166
+91 90000 10003,+91 90000 10005,2026-08-25T18:15:00Z,296
+91 90000 10020,+91 90000 10021,2026-08-26T19:15:00Z,614
+91 90000 10018,+91 90000 10023,2026-08-27T20:15:00Z,347
+91 90000 10013,+91 90000 10020,2026-08-28T21:15:00Z,558
+91 90000 10010,+91 90000 10015,2026-08-10T22:15:00Z,532
+91 90000 10020,+91 90000 10014,2026-08-11T23:15:00Z,116
+91 90000 10026,+91 90000 10023,2026-08-12T00:15:00Z,132
+91 90000 10028,+91 90000 10021,2026-08-13T01:15:00Z,681
+91 90000 10029,+91 90000 10025,2026-08-14T02:15:00Z,579
+91 90000 10024,+91 90000 10028,2026-08-15T03:15:00Z,235
+91 90000 10014,+91 90000 10015,2026-08-16T04:15:00Z,248
+91 90000 10014,+91 90000 10011,2026-08-17T05:15:00Z,862
+91 90000 10015,+91 90000 10013,2026-08-18T06:15:00Z,440
+91 90000 10024,+91 90000 10004,2026-08-19T07:15:00Z,335
+91 90000 10014,+91 90000 10011,2026-08-20T08:15:00Z,696
+91 90000 10009,+91 90000 10012,2026-08-21T09:15:00Z,171
+91 90000 10022,+91 90000 10030,2026-08-22T10:15:00Z,500
+91 90000 10003,+91 90000 10003,2026-08-23T11:15:00Z,866
+91 90000 10003,+91 90000 10003,2026-08-24T12:15:00Z,457
+91 90000 10004,+91 90000 10024,2026-08-25T13:15:00Z,771
+91 90000 10012,+91 90000 10026,2026-08-26T14:15:00Z,148
+91 90000 10018,+91 90000 10002,2026-08-27T15:15:00Z,615
+91 90000 10018,+91 90000 10018,2026-08-28T16:15:00Z,352
+91 90000 10022,+91 90000 10004,2026-08-10T17:15:00Z,435
+91 90000 10012,+91 90000 10028,2026-08-11T18:15:00Z,696
+91 90000 10025,+91 90000 10014,2026-08-12T19:15:00Z,753
+91 90000 10002,+91 90000 10010,2026-08-13T20:15:00Z,629
+91 90000 10010,+91 90000 10012,2026-08-14T21:15:00Z,121
+91 90000 10019,+91 90000 10017,2026-08-15T22:15:00Z,232
+91 90000 10005,+91 90000 10022,2026-08-16T23:15:00Z,508
+91 90000 10008,+91 90000 10028,2026-08-17T00:15:00Z,125
+91 90000 10012,+91 90000 10028,2026-08-18T01:15:00Z,584
+91 90000 10012,+91 90000 10004,2026-08-19T02:15:00Z,795
+91 90000 10009,+91 90000 10019,2026-08-20T03:15:00Z,246
+91 90000 10026,+91 90000 10014,2026-08-21T04:15:00Z,880
+91 90000 10018,+91 90000 10025,2026-08-22T05:15:00Z,853
+91 90000 10020,+91 90000 10020,2026-08-23T06:15:00Z,706
+91 90000 10021,+91 90000 10018,2026-08-24T07:15:00Z,41
+91 90000 10020,+91 90000 10030,2026-08-25T08:15:00Z,688
+91 90000 10027,+91 90000 10023,2026-08-26T09:15:00Z,288
+91 90000 10001,+91 90000 10006,2026-08-27T10:15:00Z,294
+91 90000 10023,+91 90000 10025,2026-08-28T11:15:00Z,331
+91 90000 10030,+91 90000 10011,2026-08-10T12:15:00Z,374
+91 90000 10001,+91 90000 10006,2026-08-11T13:15:00Z,161
+91 90000 10019,+91 90000 10022,2026-08-12T14:15:00Z,425
+91 90000 10003,+91 90000 10005,2026-08-13T15:15:00Z,773
+91 90000 10021,+91 90000 10001,2026-08-14T16:15:00Z,108
+91 90000 10024,+91 90000 10017,2026-08-15T17:15:00Z,235
+91 90000 10013,+91 90000 10014,2026-08-16T18:15:00Z,479
+91 90000 10011,+91 90000 10006,2026-08-17T19:15:00Z,393
+91 90000 10010,+91 90000 10024,2026-08-18T20:15:00Z,347
+91 90000 10025,+91 90000 10019,2026-08-19T21:15:00Z,625
+91 90000 10003,+91 90000 10029,2026-08-20T22:15:00Z,68
+91 90000 10005,+91 90000 10006,2026-08-21T23:15:00Z,787
+91 90000 10020,+91 90000 10002,2026-08-22T00:15:00Z,705
+91 90000 10003,+91 90000 10009,2026-08-23T01:15:00Z,468
+91 90000 10022,+91 90000 10014,2026-08-24T02:15:00Z,512
+91 90000 10020,+91 90000 10015,2026-08-25T03:15:00Z,439
+91 90000 10009,+91 90000 10007,2026-08-26T04:15:00Z,788
+91 90000 10017,+91 90000 10004,2026-08-27T05:15:00Z,368
+91 90000 10014,+91 90000 10004,2026-08-28T06:15:00Z,305
+91 90000 10022,+91 90000 10022,2026-08-10T07:15:00Z,622
+91 90000 10016,+91 90000 10017,2026-08-11T08:15:00Z,698
+91 90000 10010,+91 90000 10002,2026-08-12T09:15:00Z,240
+91 90000 10013,+91 90000 10020,2026-08-13T10:15:00Z,71
+91 90000 10001,+91 90000 10007,2026-08-14T11:15:00Z,323
+91 90000 10007,+91 90000 10025,2026-08-15T12:15:00Z,155
+91 90000 10025,+91 90000 10009,2026-08-16T13:15:00Z,311
+91 90000 10011,+91 90000 10004,2026-08-17T14:15:00Z,22
+91 90000 10016,+91 90000 10024,2026-08-18T15:15:00Z,455
+91 90000 10006,+91 90000 10005,2026-08-19T16:15:00Z,404
+91 90000 10018,+91 90000 10023,2026-08-20T17:15:00Z,250
+91 90000 10017,+91 90000 10018,2026-08-21T18:15:00Z,868
+91 90000 10022,+91 90000 10026,2026-08-22T19:15:00Z,377
+91 90000 10003,+91 90000 10013,2026-08-23T20:15:00Z,897
+91 90000 10024,+91 90000 10002,2026-08-24T21:15:00Z,461
+91 90000 10001,+91 90000 10015,2026-08-25T22:15:00Z,94
+91 90000 10028,+91 90000 10011,2026-08-26T23:15:00Z,604
+91 90000 10014,+91 90000 10019,2026-08-27T00:15:00Z,429
+91 90000 10023,+91 90000 10021,2026-08-28T01:15:00Z,442
+91 90000 10010,+91 90000 10004,2026-08-10T02:15:00Z,429
+91 90000 10001,+91 90000 10011,2026-08-11T03:15:00Z,190
+91 90000 10026,+91 90000 10020,2026-08-12T04:15:00Z,486
+91 90000 10027,+91 90000 10023,2026-08-13T05:15:00Z,385
+91 90000 10003,+91 90000 10014,2026-08-14T06:15:00Z,879
+91 90000 10004,+91 90000 10008,2026-08-15T07:15:00Z,461
+91 90000 10019,+91 90000 10013,2026-08-16T08:15:00Z,551
+91 90000 10003,+91 90000 10013,2026-08-17T09:15:00Z,332
+91 90000 10024,+91 90000 10011,2026-08-18T10:15:00Z,241
+91 90000 10011,+91 90000 10025,2026-08-19T11:15:00Z,187
+91 90000 10003,+91 90000 10017,2026-08-20T12:15:00Z,663
+91 90000 10004,+91 90000 10017,2026-08-21T13:15:00Z,537
+91 90000 10007,+91 90000 10029,2026-08-22T14:15:00Z,809
+91 90000 10012,+91 90000 10012,2026-08-23T15:15:00Z,759
+91 90000 10027,+91 90000 10021,2026-08-24T16:15:00Z,849
+91 90000 10005,+91 90000 10008,2026-08-25T17:15:00Z,120
+91 90000 10005,+91 90000 10009,2026-08-26T18:15:00Z,217
+91 90000 10006,+91 90000 10020,2026-08-27T19:15:00Z,171
+91 90000 10025,+91 90000 10025,2026-08-28T20:15:00Z,686
+91 90000 10003,+91 90000 10006,2026-08-10T21:15:00Z,806
+91 90000 10021,+91 90000 10016,2026-08-11T22:15:00Z,490
+91 90000 10025,+91 90000 10019,2026-08-12T23:15:00Z,793
+91 90000 10019,+91 90000 10015,2026-08-13T00:15:00Z,712
+91 90000 10030,+91 90000 10029,2026-08-14T01:15:00Z,593
+91 90000 10021,+91 90000 10021,2026-08-15T02:15:00Z,654
+91 90000 10011,+91 90000 10028,2026-08-16T03:15:00Z,657
+91 90000 10011,+91 90000 10005,2026-08-17T04:15:00Z,465
+91 90000 10003,+91 90000 10016,2026-08-18T05:15:00Z,467
+91 90000 10021,+91 90000 10010,2026-08-19T06:15:00Z,830
+91 90000 10009,+91 90000 10019,2026-08-20T07:15:00Z,72
+91 90000 10012,+91 90000 10017,2026-08-21T08:15:00Z,90
+91 90000 10010,+91 90000 10015,2026-08-22T09:15:00Z,477
+91 90000 10002,+91 90000 10002,2026-08-23T10:15:00Z,392
+91 90000 10027,+91 90000 10010,2026-08-24T11:15:00Z,93
+91 90000 10021,+91 90000 10028,2026-08-25T12:15:00Z,890
+91 90000 10003,+91 90000 10020,2026-08-26T13:15:00Z,623
+91 90000 10017,+91 90000 10013,2026-08-27T14:15:00Z,488
+91 90000 10019,+91 90000 10018,2026-08-28T15:15:00Z,825
+91 90000 10024,+91 90000 10029,2026-08-10T16:15:00Z,57
+91 90000 10015,+91 90000 10030,2026-08-11T17:15:00Z,844
+91 90000 10019,+91 90000 10021,2026-08-12T18:15:00Z,207
+91 90000 10011,+91 90000 10020,2026-08-13T19:15:00Z,502
+91 90000 10017,+91 90000 10005,2026-08-14T20:15:00Z,78
+91 90000 10015,+91 90000 10004,2026-08-15T21:15:00Z,845
+91 90000 10029,+91 90000 10027,2026-08-16T22:15:00Z,366
+91 90000 10023,+91 90000 10003,2026-08-17T23:15:00Z,531
+91 90000 10021,+91 90000 10006,2026-08-18T00:15:00Z,55
+91 90000 10008,+91 90000 10023,2026-08-19T01:15:00Z,463
+91 90000 10015,+91 90000 10017,2026-08-20T02:15:00Z,550
+91 90000 10020,+91 90000 10006,2026-08-21T03:15:00Z,387
+91 90000 10012,+91 90000 10030,2026-08-22T04:15:00Z,304
+91 90000 10013,+91 90000 10014,2026-08-23T05:15:00Z,808
+91 90000 10011,+91 90000 10022,2026-08-24T06:15:00Z,627
+91 90000 10002,+91 90000 10026,2026-08-25T07:15:00Z,661
+91 90000 10021,+91 90000 10011,2026-08-26T08:15:00Z,82
+91 90000 10011,+91 90000 10004,2026-08-27T09:15:00Z,586
+91 90000 10022,+91 90000 10013,2026-08-28T10:15:00Z,305
+91 90000 10009,+91 90000 10024,2026-08-10T11:15:00Z,887
+91 90000 10022,+91 90000 10030,2026-08-11T12:15:00Z,632
+91 90000 10028,+91 90000 10005,2026-08-12T13:15:00Z,356
+91 90000 10003,+91 90000 10019,2026-08-13T14:15:00Z,694
+91 90000 10005,+91 90000 10030,2026-08-14T15:15:00Z,373
+91 90000 10010,+91 90000 10021,2026-08-15T16:15:00Z,730
+91 90000 10022,+91 90000 10013,2026-08-16T17:15:00Z,147
+91 90000 10020,+91 90000 10023,2026-08-17T18:15:00Z,101
+91 90000 10010,+91 90000 10018,2026-08-18T19:15:00Z,400
+91 90000 10021,+91 90000 10026,2026-08-19T20:15:00Z,351
+91 90000 10027,+91 90000 10005,2026-08-20T21:15:00Z,701
+91 90000 10023,+91 90000 10027,2026-08-21T22:15:00Z,771
+91 90000 10022,+91 90000 10030,2026-08-22T23:15:00Z,554
+91 90000 10003,+91 90000 10021,2026-08-23T00:15:00Z,701
+91 90000 10014,+91 90000 10017,2026-08-24T01:15:00Z,385
+91 90000 10001,+91 90000 10012,2026-08-25T02:15:00Z,331
+91 90000 10006,+91 90000 10007,2026-08-26T03:15:00Z,364
+91 90000 10025,+91 90000 10016,2026-08-27T04:15:00Z,211
+91 90000 10008,+91 90000 10005,2026-08-28T05:15:00Z,173
+91 90000 10003,+91 90000 10010,2026-08-10T06:15:00Z,879
+91 90000 10026,+91 90000 10004,2026-08-11T07:15:00Z,534
+91 90000 10025,+91 90000 10018,2026-08-12T08:15:00Z,870
+91 90000 10024,+91 90000 10029,2026-08-13T09:15:00Z,554
+91 90000 10002,+91 90000 10022,2026-08-14T10:15:00Z,359
+91 90000 10029,+91 90000 10025,2026-08-15T11:15:00Z,647
+91 90000 10005,+91 90000 10020,2026-08-16T12:15:00Z,400
+91 90000 10005,+91 90000 10006,2026-08-17T13:15:00Z,200
+91 90000 10027,+91 90000 10023,2026-08-18T14:15:00Z,804
+91 90000 10020,+91 90000 10026,2026-08-19T15:15:00Z,184
+91 90000 10024,+91 90000 10015,2026-08-20T16:15:00Z,59
+91 90000 10014,+91 90000 10012,2026-08-21T17:15:00Z,707
+91 90000 10024,+91 90000 10008,2026-08-22T18:15:00Z,469
+91 90000 10020,+91 90000 10010,2026-08-23T19:15:00Z,785
+91 90000 10024,+91 90000 10026,2026-08-24T20:15:00Z,474
+91 90000 10008,+91 90000 10018,2026-08-25T21:15:00Z,259
+91 90000 10010,+91 90000 10026,2026-08-26T22:15:00Z,818
+91 90000 10016,+91 90000 10029,2026-08-27T23:15:00Z,870
+91 90000 10007,+91 90000 10012,2026-08-28T00:15:00Z,709
+91 90000 10019,+91 90000 10015,2026-08-10T01:15:00Z,487
+91 90000 10025,+91 90000 10010,2026-08-11T02:15:00Z,811
+91 90000 10013,+91 90000 10017,2026-08-12T03:15:00Z,555
+91 90000 10014,+91 90000 10006,2026-08-13T04:15:00Z,851
+91 90000 10007,+91 90000 10026,2026-08-14T05:15:00Z,634
+91 90000 10005,+91 90000 10028,2026-08-15T06:15:00Z,271
+91 90000 10002,+91 90000 10021,2026-08-16T07:15:00Z,507
+91 90000 10028,+91 90000 10012,2026-08-17T08:15:00Z,582
+91 90000 10030,+91 90000 10004,2026-08-18T09:15:00Z,743
+91 90000 10028,+91 90000 10017,2026-08-19T10:15:00Z,886
+91 90000 10004,+91 90000 10010,2026-08-20T11:15:00Z,100
+91 90000 10025,+91 90000 10006,2026-08-21T12:15:00Z,294
+91 90000 10015,+91 90000 10029,2026-08-22T13:15:00Z,540
+91 90000 10005,+91 90000 10027,2026-08-23T14:15:00Z,462
+91 90000 10003,+91 90000 10030,2026-08-24T15:15:00Z,242
+91 90000 10027,+91 90000 10015,2026-08-25T16:15:00Z,372
+91 90000 10030,+91 90000 10001,2026-08-26T17:15:00Z,439
+91 90000 10002,+91 90000 10013,2026-08-27T18:15:00Z,529
+91 90000 10012,+91 90000 10008,2026-08-28T19:15:00Z,410
+91 90000 10003,+91 90000 10012,2026-08-10T20:15:00Z,244
+91 90000 10001,+91 90000 10011,2026-08-11T21:15:00Z,116
+91 90000 10027,+91 90000 10023,2026-08-12T22:15:00Z,680
+91 90000 10011,+91 90000 10026,2026-08-13T23:15:00Z,164
+91 90000 10005,+91 90000 10002,2026-08-14T00:15:00Z,308
+91 90000 10030,+91 90000 10027,2026-08-15T01:15:00Z,498
+91 90000 10023,+91 90000 10027,2026-08-16T02:15:00Z,157
+91 90000 10025,+91 90000 10023,2026-08-17T03:15:00Z,495
+91 90000 10015,+91 90000 10020,2026-08-18T04:15:00Z,20
+91 90000 10029,+91 90000 10003,2026-08-19T05:15:00Z,34
+91 90000 10009,+91 90000 10007,2026-08-20T06:15:00Z,870
+91 90000 10005,+91 90000 10018,2026-08-21T07:15:00Z,759
+91 90000 10020,+91 90000 10017,2026-08-22T08:15:00Z,448
+91 90000 10004,+91 90000 10025,2026-08-23T09:15:00Z,310
+91 90000 10008,+91 90000 10010,2026-08-24T10:15:00Z,139
+91 90000 10002,+91 90000 10008,2026-08-25T11:15:00Z,444
+91 90000 10021,+91 90000 10026,2026-08-26T12:15:00Z,652
+91 90000 10015,+91 90000 10003,2026-08-27T13:15:00Z,128
+91 90000 10027,+91 90000 10029,2026-08-28T14:15:00Z,526
+91 90000 10020,+91 90000 10018,2026-08-10T15:15:00Z,31
+91 90000 10021,+91 90000 10017,2026-08-11T16:15:00Z,603
+91 90000 10008,+91 90000 10023,2026-08-12T17:15:00Z,162
+91 90000 10010,+91 90000 10014,2026-08-13T18:15:00Z,16
+91 90000 10020,+91 90000 10012,2026-08-14T19:15:00Z,261
+91 90000 10019,+91 90000 10014,2026-08-15T20:15:00Z,206
+91 90000 10022,+91 90000 10022,2026-08-16T21:15:00Z,102
+91 90000 10017,+91 90000 10012,2026-08-17T22:15:00Z,84
+91 90000 10017,+91 90000 10018,2026-08-18T23:15:00Z,534
+91 90000 10026,+91 90000 10017,2026-08-19T00:15:00Z,582
+91 90000 10001,+91 90000 10013,2026-08-20T01:15:00Z,496
+91 90000 10002,+91 90000 10021,2026-08-21T02:15:00Z,411
+91 90000 10012,+91 90000 10009,2026-08-22T03:15:00Z,780
+91 90000 10001,+91 90000 10012,2026-08-23T04:15:00Z,822
+91 90000 10003,+91 90000 10012,2026-08-24T05:15:00Z,261
+91 90000 10024,+91 90000 10022,2026-08-25T06:15:00Z,658
+91 90000 10004,+91 90000 10025,2026-08-26T07:15:00Z,610
+91 90000 10024,+91 90000 10025,2026-08-27T08:15:00Z,355
+91 90000 10005,+91 90000 10002,2026-08-28T09:15:00Z,375
+91 90000 10018,+91 90000 10011,2026-08-10T10:15:00Z,848
+91 90000 10021,+91 90000 10006,2026-08-11T11:15:00Z,865
+91 90000 10025,+91 90000 10022,2026-08-12T12:15:00Z,490
+91 90000 10023,+91 90000 10016,2026-08-13T13:15:00Z,661
+91 90000 10006,+91 90000 10026,2026-08-14T14:15:00Z,153
+91 90000 10003,+91 90000 10023,2026-08-15T15:15:00Z,809
+91 90000 10015,+91 90000 10002,2026-08-16T16:15:00Z,315
+91 90000 10007,+91 90000 10002,2026-08-17T17:15:00Z,825
+91 90000 10007,+91 90000 10029,2026-08-18T18:15:00Z,57
+91 90000 10011,+91 90000 10030,2026-08-19T19:15:00Z,332
+91 90000 10017,+91 90000 10013,2026-08-20T20:15:00Z,849
+91 90000 10018,+91 90000 10016,2026-08-21T21:15:00Z,274
+91 90000 10002,+91 90000 10025,2026-08-22T22:15:00Z,677
+91 90000 10007,+91 90000 10010,2026-08-23T23:15:00Z,380
+91 90000 10028,+91 90000 10025,2026-08-24T00:15:00Z,63
+91 90000 10028,+91 90000 10021,2026-08-25T01:15:00Z,354
+91 90000 10009,+91 90000 10004,2026-08-26T02:15:00Z,833
+91 90000 10012,+91 90000 10014,2026-08-27T03:15:00Z,424
+91 90000 10024,+91 90000 10015,2026-08-28T04:15:00Z,410
+91 90000 10011,+91 90000 10006,2026-08-10T05:15:00Z,523
+91 90000 10023,+91 90000 10016,2026-08-11T06:15:00Z,391
+91 90000 10030,+91 90000 10026,2026-08-12T07:15:00Z,546
+91 90000 10009,+91 90000 10026,2026-08-13T08:15:00Z,99
+91 90000 10024,+91 90000 10014,2026-08-14T09:15:00Z,95
+91 90000 10014,+91 90000 10020,2026-08-15T10:15:00Z,857
+91 90000 10006,+91 90000 10018,2026-08-16T11:15:00Z,315
+91 90000 10011,+91 90000 10004,2026-08-17T12:15:00Z,96
+91 90000 10011,+91 90000 10022,2026-08-18T13:15:00Z,317
+91 90000 10010,+91 90000 10015,2026-08-19T14:15:00Z,632
+91 90000 10023,+91 90000 10014,2026-08-20T15:15:00Z,185
+91 90000 10023,+91 90000 10015,2026-08-21T16:15:00Z,374
+91 90000 10015,+91 90000 10002,2026-08-22T17:15:00Z,759
+91 90000 10028,+91 90000 10030,2026-08-23T18:15:00Z,376
+91 90000 10020,+91 90000 10014,2026-08-24T19:15:00Z,296
+91 90000 10021,+91 90000 10026,2026-08-25T20:15:00Z,73
+91 90000 10003,+91 90000 10022,2026-08-26T21:15:00Z,667
+91 90000 10013,+91 90000 10012,2026-08-27T22:15:00Z,540
+91 90000 10026,+91 90000 10024,2026-08-28T23:15:00Z,710
+91 90000 10006,+91 90000 10001,2026-08-10T00:15:00Z,161
+91 90000 10028,+91 90000 10020,2026-08-11T01:15:00Z,709
+91 90000 10026,+91 90000 10015,2026-08-12T02:15:00Z,50
+91 90000 10005,+91 90000 10003,2026-08-13T03:15:00Z,256
+91 90000 10025,+91 90000 10021,2026-08-14T04:15:00Z,390
+91 90000 10012,+91 90000 10013,2026-08-15T05:15:00Z,595
+91 90000 10002,+91 90000 10020,2026-08-16T06:15:00Z,172
+91 90000 10022,+91 90000 10015,2026-08-17T07:15:00Z,394
+91 90000 10012,+91 90000 10015,2026-08-18T08:15:00Z,796
+91 90000 10003,+91 90000 10019,2026-08-19T09:15:00Z,155
+91 90000 10017,+91 90000 10012,2026-08-20T10:15:00Z,422
+91 90000 10011,+91 90000 10021,2026-08-21T11:15:00Z,300
+91 90000 10008,+91 90000 10004,2026-08-22T12:15:00Z,41
+91 90000 10024,+91 90000 10006,2026-08-23T13:15:00Z,526
+91 90000 10017,+91 90000 10013,2026-08-24T14:15:00Z,590
+91 90000 10004,+91 90000 10009,2026-08-25T15:15:00Z,808
+91 90000 10009,+91 90000 10023,2026-08-26T16:15:00Z,471
+91 90000 10007,+91 90000 10020,2026-08-27T17:15:00Z,307
+91 90000 10023,+91 90000 10030,2026-08-28T18:15:00Z,517
+91 90000 10007,+91 90000 10004,2026-08-10T19:15:00Z,153
+91 90000 10028,+91 90000 10003,2026-08-11T20:15:00Z,477
+91 90000 10006,+91 90000 10029,2026-08-12T21:15:00Z,745
+91 90000 10015,+91 90000 10003,2026-08-13T22:15:00Z,844
+91 90000 10022,+91 90000 10028,2026-08-14T23:15:00Z,342
+91 90000 10022,+91 90000 10012,2026-08-15T00:15:00Z,741
+91 90000 10003,+91 90000 10018,2026-08-16T01:15:00Z,570
+91 90000 10010,+91 90000 10029,2026-08-17T02:15:00Z,322
+91 90000 10028,+91 90000 10006,2026-08-18T03:15:00Z,743
+91 90000 10023,+91 90000 10030,2026-08-19T04:15:00Z,732
+91 90000 10021,+91 90000 10006,2026-08-20T05:15:00Z,827
+91 90000 10012,+91 90000 10017,2026-08-21T06:15:00Z,244
+91 90000 10004,+91 90000 10007,2026-08-22T07:15:00Z,826
+91 90000 10005,+91 90000 10008,2026-08-23T08:15:00Z,824
+91 90000 10016,+91 90000 10001,2026-08-24T09:15:00Z,384
+91 90000 10018,+91 90000 10019,2026-08-25T10:15:00Z,392
+91 90000 10015,+91 90000 10026,2026-08-26T11:15:00Z,579
+91 90000 10005,+91 90000 10020,2026-08-27T12:15:00Z,103
+91 90000 10003,+91 90000 10010,2026-08-28T13:15:00Z,422
+91 90000 10023,+91 90000 10024,2026-08-10T14:15:00Z,505
+91 90000 10017,+91 90000 10014,2026-08-11T15:15:00Z,802
+91 90000 10014,+91 90000 10027,2026-08-12T16:15:00Z,603
+91 90000 10003,+91 90000 10005,2026-08-13T17:15:00Z,339
+91 90000 10021,+91 90000 10003,2026-08-14T18:15:00Z,475
+91 90000 10015,+91 90000 10022,2026-08-15T19:15:00Z,544
+91 90000 10012,+91 90000 10005,2026-08-16T20:15:00Z,863
+91 90000 10025,+91 90000 10018,2026-08-17T21:15:00Z,670
+91 90000 10019,+91 90000 10006,2026-08-18T22:15:00Z,801
+91 90000 10005,+91 90000 10014,2026-08-19T23:15:00Z,529
+91 90000 10030,+91 90000 10028,2026-08-20T00:15:00Z,71
+91 90000 10027,+91 90000 10004,2026-08-21T01:15:00Z,545
+91 90000 10005,+91 90000 10010,2026-08-22T02:15:00Z,183
+91 90000 10006,+91 90000 10011,2026-08-23T03:15:00Z,741
+91 90000 10008,+91 90000 10012,2026-08-24T04:15:00Z,546
+91 90000 10029,+91 90000 10010,2026-08-25T05:15:00Z,881
+91 90000 10003,+91 90000 10009,2026-08-26T06:15:00Z,216
+91 90000 10021,+91 90000 10018,2026-08-27T07:15:00Z,296
+91 90000 10005,+91 90000 10021,2026-08-28T08:15:00Z,325
+91 90000 10020,+91 90000 10018,2026-08-10T09:15:00Z,110
+91 90000 10017,+91 90000 10021,2026-08-11T10:15:00Z,187
+91 90000 10019,+91 90000 10019,2026-08-12T11:15:00Z,172
+91 90000 10006,+91 90000 10022,2026-08-13T12:15:00Z,654
+91 90000 10024,+91 90000 10029,2026-08-14T13:15:00Z,634
+91 90000 10011,+91 90000 10027,2026-08-15T14:15:00Z,592
+91 90000 10002,+91 90000 10027,2026-08-16T15:15:00Z,899
+91 90000 10001,+91 90000 10003,2026-08-17T16:15:00Z,61
+91 90000 10021,+91 90000 10025,2026-08-18T17:15:00Z,605
+91 90000 10009,+91 90000 10021,2026-08-19T18:15:00Z,230
+91 90000 10025,+91 90000 10019,2026-08-20T19:15:00Z,441
+91 90000 10020,+91 90000 10021,2026-08-21T20:15:00Z,46
+91 90000 10016,+91 90000 10029,2026-08-22T21:15:00Z,657
+91 90000 10018,+91 90000 10010,2026-08-23T22:15:00Z,672
+91 90000 10010,+91 90000 10016,2026-08-24T23:15:00Z,265
+91 90000 10026,+91 90000 10026,2026-08-25T00:15:00Z,716
+91 90000 10013,+91 90000 10010,2026-08-26T01:15:00Z,479
+91 90000 10003,+91 90000 10023,2026-08-27T02:15:00Z,76
+91 90000 10006,+91 90000 10015,2026-08-28T03:15:00Z,440
+91 90000 10016,+91 90000 10015,2026-08-10T04:15:00Z,223
+91 90000 10011,+91 90000 10020,2026-08-11T05:15:00Z,162
+91 90000 10011,+91 90000 10028,2026-08-12T06:15:00Z,750
+91 90000 10011,+91 90000 10024,2026-08-13T07:15:00Z,896
+91 90000 10012,+91 90000 10013,2026-08-14T08:15:00Z,148
+91 90000 10025,+91 90000 10012,2026-08-15T09:15:00Z,542
+91 90000 10018,+91 90000 10004,2026-08-16T10:15:00Z,341
+91 90000 10008,+91 90000 10015,2026-08-17T11:15:00Z,140
+91 90000 10009,+91 90000 10015,2026-08-18T12:15:00Z,268
+91 90000 10005,+91 90000 10004,2026-08-19T13:15:00Z,66
+91 90000 10010,+91 90000 10013,2026-08-20T14:15:00Z,899
+91 90000 10020,+91 90000 10014,2026-08-21T15:15:00Z,269
